"_id","guid","purchase","age","gender","experience_id","variant_id","event_date"
"61532e0a3dceebb2dcf915b1","ee9b43ec-5eb1-47ca-9dc8-b9e6f7b4c823","True","32","female","5","2","2021-04-14T10:42:11 -01:00"
"61532e0a8a22380d4f703166","11e1b38a-ec92-410a-b6bf-8a646d8dcc99","True","21","female","5","3","2021-08-15T10:19:33 -01:00"
"61532e0a47c9a6f60c31e790","4de00f6c-2fd1-4405-b588-bb80933dff0d","True","23","female","5","2","2021-06-23T04:18:12 -01:00"
"61532e0a69ff25cd716301e0","3503d409-e2e0-40a8-9d04-bae951808d86","False","35","female","6","1","2021-08-15T07:11:35 -01:00"
"61532e0a83ab523053498fa4","5959c7b5-83b8-43b8-b703-6c2598f3d26d","True","28","female","6","3","2020-09-23T08:21:06 -01:00"
"61532e0a0c07255db57a980d","2bfae632-eac7-4b08-927d-e361ca755bc0","True","38","female","5","3","2021-04-20T03:56:16 -01:00"
"61532e0ad32ce44bf85e2c02","0e0f15c4-1b26-483c-a6cb-591f34a1edab","False","38","female","5","2","2020-09-04T09:48:58 -01:00"
"61532e0aa94a4af58925a067","41c04804-016e-4752-9c72-3c2118665e71","True","32","female","5","2","2021-01-11T02:14:33 -00:00"
"61532e0a5f172051d9d10f18","5eaecd43-f734-424e-96ad-d5830e98f8df","True","22","female","6","3","2021-09-10T06:51:05 -01:00"
"61532e0a0ab5f5e17ea98a86","f2d59721-cae6-43cd-a129-aa4b632a02f6","True","40","female","5","1","2020-08-16T09:51:46 -01:00"
"61532e0a0aba610d9d26a725","3caca938-5ffe-4115-ac5c-292c32ac7f97","True","29","female","6","3","2020-05-30T05:45:07 -01:00"
"61532e0aa6ebc3a58e2260c2","ac13256c-1017-45fb-84db-a9aca5a8ca3e","False","34","female","6","3","2021-08-28T11:40:44 -01:00"
"61532e0ad9c61abf31ab1fc1","f4af9a3f-cc09-4507-b895-51042e0bc14f","False","37","female","5","2","2020-02-05T11:44:41 -00:00"
"61532e0ab4f39ab20d2ef5c2","85530917-30ab-41a6-be24-c57b81cf70a2","False","37","female","6","3","2021-02-20T05:11:10 -00:00"
"61532e0a9a12d95c190c0705","cf0e076b-6e22-46dc-b5ce-d2ed7e387b24","False","40","female","6","3","2020-12-07T11:45:42 -00:00"
"61532e0ab591bf3a73393a74","41487230-da4d-4192-a76f-bdbb38d66fa9","False","33","female","6","1","2020-03-20T11:14:16 -00:00"
"61532e0acad0a5ec10840162","54a0d6a4-5162-491b-953f-0b1a00e8fdbc","True","23","female","5","1","2020-02-03T04:43:32 -00:00"
"61532e0ad40a32a9cb823d7b","5244870d-54bd-4005-90be-a1fc6c8e5ab4","True","40","female","5","1","2021-03-04T10:00:23 -00:00"
"61532e0a4a542feaf2ba18c5","f06bf93b-71a4-4cb3-bbdb-7f2d745b8bb6","True","30","female","5","3","2020-05-21T09:59:36 -01:00"
"61532e0a575c39fa8b427a95","20addd84-868c-49cc-ad09-6a27e08f13c6","True","27","female","5","2","2021-09-18T03:57:09 -01:00"
"61532e0ac1bbd7aea342281f","9be1de71-af21-4ab2-bf29-e9de71854880","False","33","female","5","3","2021-06-07T06:19:52 -01:00"
"61532e0a9f2836473bf537ca","6101a849-200e-44d6-bf61-7fd84c27f28a","False","32","female","6","2","2020-05-28T06:06:00 -01:00"
"61532e0aee50b00495f05bcd","6a2474ce-6856-4af8-aabd-0e79b47431f2","False","26","female","5","1","2020-09-15T12:28:03 -01:00"
"61532e0a00c521b5253ecea9","eec7eabd-bd22-4aea-87c9-f2e8e8e9e510","False","29","female","6","1","2020-04-29T03:37:39 -01:00"
"61532e0a015647e8c3bb7318","38ac0233-e058-4a8e-9f13-819e5df06294","True","39","female","5","2","2020-06-28T01:56:13 -01:00"
"61532e0ab7772bf72b76e88c","d0882728-3528-4a68-b31b-5a68d7d3d264","False","33","female","5","1","2021-01-05T04:07:44 -00:00"
"61532e0a30e204e1b5530b75","8737c3a6-181c-44b3-ae68-fd1e6323f0ba","True","23","female","6","3","2021-03-21T03:45:55 -00:00"
"61532e0a95e66ade1a9a3852","63575e39-57b3-4cd7-af33-ae671ac9b4ee","False","33","female","5","3","2021-06-04T06:01:09 -01:00"
"61532e0a8250094db28fe99e","c6ffb065-90c4-4ac3-a543-fd6980f7abd7","False","38","female","6","1","2021-01-26T08:33:05 -00:00"
"61532e0a48689f4e7ee4aecb","b917839d-18b2-4b5d-9178-d87c1e04e17f","True","28","female","5","2","2020-01-14T05:00:42 -00:00"
"61532e0a617d1d9dea9c7feb","163ac487-7f76-4889-90d4-3b6b00c93189","False","22","female","5","1","2020-04-17T03:15:13 -01:00"
"61532e0a1723019b5a815456","979f453e-aa56-449e-97e9-639b3ac823be","True","21","female","5","2","2020-10-06T07:00:36 -01:00"
"61532e0a289e9428c4c8955f","6a23a38a-0619-4632-b68a-ab69c6c298ad","False","34","female","6","1","2020-06-04T05:01:58 -01:00"
"61532e0abaee9c23b61b502c","9547c6de-399d-4669-9572-fde89c420c58","False","33","female","6","2","2021-08-12T07:10:52 -01:00"
"61532e0a1a3deb7a6da1765b","88ce7028-4efd-419f-b8a9-ee14ab606ae7","False","34","female","5","1","2020-04-28T08:49:08 -01:00"
"61532e0a219467e0fe8111a4","922d5759-6985-4792-b740-224ffe403751","True","27","female","6","3","2021-02-08T08:29:59 -00:00"
"61532e0a44804e7cb1b9b0ed","ef983098-91a1-419b-8aa9-7b0d6849a0fd","True","23","female","5","2","2021-09-06T08:52:12 -01:00"
"61532e0ab2c3ec6508d4feb3","72b69234-df5e-4c86-8e4b-29317730389e","True","40","female","5","2","2020-10-24T06:41:49 -01:00"
"61532e0ab02b4c8b108f4ca8","dab1b67a-2011-4300-8344-eaa3467a8271","False","39","female","6","3","2021-05-09T07:12:43 -01:00"
"61532e0a36601a133f8a0a66","4a0386ef-204a-4d16-bc4d-56868f163170","False","20","female","5","3","2021-03-11T01:16:11 -00:00"
"61532e0a7ae93f11dbf00164","cca47c84-583d-4aab-838a-1aa52e29cacc","False","40","female","5","2","2020-01-29T02:20:04 -00:00"
"61532e0a82442797cdbdb578","d5273b79-2f79-48af-81ef-08fd24400ae7","False","25","female","6","1","2021-06-28T10:40:45 -01:00"
"61532e0ab0f58a48b890ab02","12183d28-13b5-4a22-8a50-0c241f0b70d0","False","35","female","5","3","2021-02-11T10:47:59 -00:00"
"61532e0ac7fede33f4140f8b","2428b02c-eed8-4ee5-b28c-62db77602a44","False","20","female","5","3","2020-04-14T10:44:10 -01:00"
"61532e0a7d9dba1989b33907","c0aa444c-6b52-4f43-852e-8a8a3dcbe19e","True","32","female","6","2","2020-09-09T04:56:47 -01:00"
"61532e0aa19a79f11b1c2088","77faecad-516f-4572-9e1a-4eac18b11b0d","False","35","female","6","2","2020-01-07T11:41:12 -00:00"
"61532e0abeed5c2520da1758","2ed61dea-4c94-42c7-8471-8a29b762c8d6","True","27","female","6","1","2020-05-05T03:06:03 -01:00"
"61532e0a53ec35b84b0266f8","5bb480a7-902d-47e5-bb61-722d2c2377b5","True","32","female","6","2","2020-07-24T10:31:08 -01:00"
"61532e0a41f5a141770312ea","bee40fc1-37a0-4804-b85b-7d24472cb031","False","35","female","6","1","2020-02-21T02:45:24 -00:00"
"61532e0a8e4268fd167bc4f8","2b07ad79-fb32-4000-9326-49324b4d5791","True","29","female","6","1","2021-01-13T01:58:27 -00:00"
"61532e0a4000aa7f1f37624d","785848af-cd18-482a-9efb-82ac78f382ee","False","39","female","6","2","2020-07-23T05:00:33 -01:00"
"61532e0ad43bd60f2d085f26","8436b793-56ff-41cf-a824-a01a175db72d","True","24","female","6","2","2021-05-06T05:00:27 -01:00"
"61532e0a700eb2c5e3410f3f","9ca67157-2e0d-4a01-924f-eec019a59564","False","32","female","5","2","2020-06-18T11:12:14 -01:00"
"61532e0a767ab53c2f4c8208","086469a4-212c-4201-94ae-9969b21cb742","False","35","female","5","2","2021-06-16T04:00:18 -01:00"
"61532e0a306a1f3dc73b09b7","27587654-7c2f-4788-9181-13e397ef09ef","False","38","female","6","2","2020-10-05T04:57:46 -01:00"
"61532e0a45f7c6c0ca2d3b0d","df123c56-61ed-4e19-b8d2-e2455cbe5856","False","32","female","6","2","2020-02-17T03:54:00 -00:00"
"61532e0a99fc8a82f5c226a7","78717aab-e81e-4518-8e27-7f840e560293","False","22","female","6","3","2021-06-27T03:05:31 -01:00"
"61532e0a07643ada982f960b","86154d67-c32d-4d15-9282-49e99bfe6fd1","False","24","female","5","1","2020-12-09T05:39:23 -00:00"
"61532e0a4151bf9057191b1a","4d0847ad-2343-4d90-8edd-a1cca650833d","False","31","female","5","1","2020-12-07T06:03:12 -00:00"
"61532e0a918fc8fc94f53850","6c27b88d-59b6-4a48-a4c7-38fea492cc8b","False","28","female","6","3","2020-02-03T03:24:58 -00:00"
"61532e0a1eb84a3cfd027e06","b4afc3be-d831-47c2-8cf7-4e511696e229","True","33","female","5","3","2020-08-20T04:43:28 -01:00"
"61532e0a028ed355b7f8ab56","3d27d875-686c-40b0-b6da-cb5862f1661c","False","38","female","5","1","2021-08-11T07:19:29 -01:00"
"61532e0a369848e30f23bc68","bfe31bd0-ced8-4f00-8e3f-901d5a694fc4","True","33","female","5","3","2021-05-31T06:29:56 -01:00"
"61532e0a761025aea860ecde","8cd08137-ae55-4998-b958-31bd20e5c190","True","33","female","5","2","2021-07-31T10:46:15 -01:00"
"61532e0a8a5be8c385599590","81b29e66-3126-45e9-a2ea-dd7978b8ad1f","False","23","female","6","2","2020-04-19T01:33:39 -01:00"
"61532e0ad2bd9d96e9f5ced1","2dce1686-3b9e-47ce-932d-d2c61f2c6c34","False","36","female","6","3","2020-08-30T01:54:41 -01:00"
"61532e0a70536f46243d0b45","6276c58c-79ba-4e4c-9462-d8835dba04d6","False","25","female","6","3","2021-09-03T02:26:57 -01:00"
"61532e0a529438d96f5e0f05","bc490866-fc2c-4b48-bb81-8a5fe485fd4a","False","31","female","6","2","2020-12-29T03:27:24 -00:00"
"61532e0a33cfb49b90b14187","8c3498d7-5e75-4a34-8d56-4ad29299b80c","False","26","female","5","1","2020-08-07T07:47:25 -01:00"
"61532e0a7de6667aeea368ad","acac5c0c-c276-4ea9-bcd7-d1f0a0d5c5c0","False","34","female","5","3","2021-06-13T06:49:20 -01:00"
"61532e0a89c6ecd8a1dfdf30","74a15677-67c1-473c-ace0-b41859d87728","True","20","female","5","2","2021-07-08T04:18:10 -01:00"
"61532e0a866a1b13e435d76d","878e986e-e1bd-466c-905d-94d7e813e6f0","True","39","female","5","3","2021-07-08T04:52:46 -01:00"
"61532e0a6606a64548b6460e","f52ab1b0-f05b-4d39-be69-2fc54d1e15e2","True","30","female","5","2","2021-08-01T09:48:30 -01:00"
"61532e0a56d4d89e09460de2","bdb5c789-c2ab-44f5-99e3-7b7286a31f64","True","36","female","6","1","2021-04-27T09:31:39 -01:00"
"61532e0a553c621fbc4cce5a","89185223-0dc1-4d31-b2ec-8e652abd200f","True","35","female","6","1","2021-08-30T06:52:47 -01:00"
"61532e0aed70f85f136687d0","1118fa89-242d-4449-9cc9-26c67773c42e","True","32","female","5","2","2020-10-25T12:54:21 -01:00"
"61532e0aa706a4422dc05107","2d48e731-e66d-461d-b21b-2b26d7a8b54d","False","35","female","6","2","2021-07-28T01:46:33 -01:00"
"61532e0a76d950f1c1c4b7e8","9f885b9d-d8a7-4736-9711-8cb1654c4673","True","34","female","5","1","2021-08-30T10:49:00 -01:00"
"61532e0ac6a5e921aedaee53","d61ddac3-c9fd-4e19-9645-48ac3e5d9519","False","24","female","5","1","2021-06-08T10:35:17 -01:00"
"61532e0ad7f7e6df5ea896ef","fa491a2f-69af-4106-bb60-b2421cf88aa4","True","23","female","6","3","2020-08-08T05:45:32 -01:00"
"61532e0aa494c405f31deaa4","48525177-8869-41f2-8442-14c889c9ae26","False","21","female","6","2","2020-02-18T11:54:42 -00:00"
"61532e0a3b8adb9ff38feb34","52bf22c4-3354-479b-ad57-cb3a70db1ac2","True","33","female","5","2","2021-07-17T06:05:57 -01:00"
"61532e0a76a89d3734e46e7f","fbd2f4bc-dcae-4c9c-9364-db250af5b4ca","False","27","female","5","2","2020-07-15T09:51:36 -01:00"
"61532e0a2c97f9c11e07e2a8","247ec579-1153-4217-bfda-436acc9ab333","True","21","female","6","1","2021-02-21T12:53:10 -00:00"
"61532e0afb494a1c5d17d24d","8afc033b-8f04-4384-90e0-f1a72e83d893","True","38","female","5","2","2021-02-13T06:02:41 -00:00"
"61532e0ad00657acb80343b2","80ba2e20-5018-4495-87f2-eaf42d438c88","True","25","female","6","2","2020-02-14T04:22:11 -00:00"
"61532e0a86c1c259a3d5b63a","cd0ac3f1-801b-4313-84c3-518e6f0c0890","False","25","female","5","2","2021-07-05T07:46:38 -01:00"
"61532e0a894a636e28c11d32","cedbc813-0cbd-43ec-a1b7-2e9bbe9561a6","True","32","female","5","3","2020-05-02T06:46:23 -01:00"
"61532e0a239622576d4b7696","901b1fa7-0014-4576-a235-bce09d3f61a0","False","29","female","6","1","2020-02-13T09:29:04 -00:00"
"61532e0aaaaa3d006698e322","abed891a-8989-4c65-92d9-288c1b4efaee","True","39","female","5","3","2020-11-10T04:02:18 -00:00"
"61532e0aa2e27c482fc1230d","05c09878-dc65-490c-8211-fa684320245d","True","31","female","5","1","2020-08-28T12:12:14 -01:00"
"61532e0a80a18509a6229642","35faad3a-29c2-4897-9126-7ca15e84f3e2","False","35","female","6","1","2020-03-08T05:17:17 -00:00"
"61532e0afa9fefc7cb74419d","b8919685-9fea-4dbb-9e22-26ab650b40fd","True","24","female","5","3","2020-08-18T01:21:08 -01:00"
"61532e0a4cb3c3f5f7298b20","233824e6-38e5-4390-8b12-bdd5b04c09ed","True","22","female","6","2","2021-01-06T05:55:16 -00:00"
"61532e0ab584db35c0784649","4a76c889-ca53-4db5-8050-b30e20833228","True","30","female","5","1","2021-03-10T06:47:39 -00:00"
"61532e0ad306659e095b828b","29fd2d0d-e26e-4d53-8ce2-9780929f03af","True","39","female","6","1","2021-09-23T03:28:42 -01:00"
"61532e0a8861537a0e8d135a","3d405e8c-72a6-4384-8183-653b9b7d0548","False","32","female","6","1","2020-03-13T11:25:03 -00:00"
"61532e0ae5089cc082d2e3ad","a64b63ef-1723-4738-9ce2-489f41c2c001","True","38","female","6","3","2021-08-13T05:27:18 -01:00"
"61532e0ac7b7144c2322f80e","e6c925af-25b1-4bce-99e8-c8d584121e00","False","25","female","5","2","2020-10-23T01:38:58 -01:00"
"61532e0a3d71b9b9d42b87b0","18cf1bae-fe0f-4b7f-8514-d58b00c469d2","False","38","female","6","1","2020-02-22T11:53:58 -00:00"
"61532e0a5f9332ff7c8cfcff","94539dc9-8888-45f9-8ff7-ccc976601493","True","35","female","5","1","2021-03-29T02:50:47 -01:00"
"61532e0af4a68ca3e3d365ad","255c4b7d-7dc3-4e05-9034-49014e0e1f76","False","26","female","5","3","2021-07-11T03:29:44 -01:00"
"61532e0a489e2300df16800b","09f9128f-db0c-4607-92c2-a924ae1c4f05","False","31","female","5","3","2021-01-12T07:52:55 -00:00"
"61532e0a36a488a221bd0ee8","723ad38e-4c4a-4740-8cdb-28a17e7a13fa","True","29","female","6","3","2021-09-03T04:47:27 -01:00"
"61532e0a1dfa0b849e8bdc26","bf9032a4-72f8-402b-b929-37589450091c","False","28","female","6","3","2020-10-17T04:05:14 -01:00"
"61532e0a5472da4439e84310","01402e61-0dd3-4edd-a256-89b3d17db729","False","40","female","5","3","2020-11-30T06:37:35 -00:00"
"61532e0affbfe3c1a1ddfbee","efd62787-b09b-4cbe-8a5e-5d00c763511a","True","27","female","6","2","2021-04-03T10:57:00 -01:00"
"61532e0a6043652f823cceee","2d6654bf-c078-4783-9057-8ac0927b579e","False","38","female","6","3","2020-01-13T04:01:21 -00:00"
"61532e0a9336eed224873c08","23cec396-e119-47a1-ad1d-87c0a6efe6fa","True","40","female","6","2","2020-11-01T06:37:53 -00:00"
"61532e0ae1a444839f985052","c0e5d27c-012d-467f-bb5d-438b98823835","True","29","female","6","3","2021-05-22T12:25:02 -01:00"
"61532e0ad99bd7973574e86d","0c5ea6fe-87d7-4ac4-b5b8-1e774ef35817","True","30","female","6","1","2020-03-11T06:54:09 -00:00"
"61532e0a11385b04b3663373","c31940d6-7b7d-4a35-8cc4-f88b1c4de4a8","True","38","female","6","2","2020-08-21T10:01:37 -01:00"
"61532e0ade1c5aaddf1a6394","91325a32-19a4-4ffc-bc60-ed79c966a6d8","False","30","female","6","2","2020-08-20T07:20:10 -01:00"
"61532e0a15b1cfe8af298c30","912b8ad0-c8d5-454e-8f2f-347768e2408d","False","39","female","5","2","2020-04-30T10:22:01 -01:00"
"61532e0ad076742cda1dd7e2","ca70976c-9199-4532-9b9a-07fbf6866f31","False","31","female","6","3","2021-08-31T08:24:47 -01:00"
"61532e0aaee18d4ccd473f52","b4231cce-d2b5-4fc5-9f25-782b4c4aaa2c","True","26","female","6","3","2021-09-19T12:18:13 -01:00"
"61532e0aa0f121a3cf8a1ca0","23a821a7-bff7-4b44-ba56-6b29385be7d4","False","21","female","5","3","2020-02-25T08:26:53 -00:00"
"61532e0a1d99baa2fd804059","cfeedf0e-25fb-4044-9a74-80865f323c79","True","23","female","6","2","2020-06-13T09:23:19 -01:00"
"61532e0ad6fe1cde3bb3c475","2589288d-01b7-473c-80e1-1887f6f96e32","False","36","female","5","2","2021-02-18T11:42:16 -00:00"
"61532e0a87facd83dfae88a7","304ff978-aa30-433e-8dd1-aefd91a58ea5","True","31","female","6","3","2020-11-09T01:23:59 -00:00"
"61532e0adad4c3cfdffa0df0","19bef0b7-50b1-4d74-87d7-50a534479bfb","True","21","female","6","2","2021-02-03T12:55:00 -00:00"
"61532e0ac0e60bfafdc91241","7757c834-b2f3-4f1c-9945-5a4d51b22751","False","24","female","6","1","2021-03-11T01:11:22 -00:00"
"61532e0add03588aab09b0da","9808d5c3-143b-409b-b744-3c169e1a33e8","False","22","female","6","1","2021-09-04T07:13:42 -01:00"
"61532e0a802372d31d4b148b","dbb850fb-907f-4417-b531-b8791cb60ff6","False","29","female","5","2","2020-01-11T05:48:32 -00:00"
"61532e0a3b05c3be864b66e0","53dda10e-25c9-4352-8d31-8b849668695d","True","24","female","6","3","2020-05-20T11:03:34 -01:00"
"61532e0ad4356a41f3424253","c1717631-90f3-4317-b6df-da40e639d935","True","32","female","6","3","2021-04-18T12:53:47 -01:00"
"61532e0a7db882b29229e150","bb17f1d3-2f5c-4e12-a9b3-26f0d517d8e9","False","22","female","5","1","2021-08-08T03:04:58 -01:00"
"61532e0a5f02c16e6be1f8d7","c73412ca-18a4-4d6d-ae54-6e25970d641f","True","39","female","6","1","2020-01-23T09:38:54 -00:00"
"61532e0a5f9ef9a0c3bf399b","255fda37-fd9c-4d9f-9d23-d2fdf48d3001","False","28","female","6","3","2020-12-22T02:49:00 -00:00"
"61532e0a27dd613979f832e3","035e8312-55e3-4924-bf5c-44e1f4bb3866","False","33","female","6","3","2021-07-23T10:45:15 -01:00"
"61532e0aab68caa593786600","7d722b1f-36ad-4a31-981c-4ad1f5053199","False","38","female","6","3","2021-03-25T03:10:01 -00:00"
"61532e0ab74d06af2f94e0a4","1d31615a-6e9e-4fc8-8c8b-39bb8839ee07","False","33","female","5","2","2020-01-24T02:57:39 -00:00"
"61532e0a45ae4510e7daadc8","b6cdd4ae-3e8f-4119-81c6-1f1dca206f39","True","35","female","5","2","2020-05-11T07:00:29 -01:00"
"61532e0ab190c195f3850551","855718c5-0966-48dd-8b84-35d899bed045","False","28","female","5","1","2021-09-08T05:33:50 -01:00"
"61532e0ab22081c50a96a425","a5b907e3-7039-43d5-a4c0-19dc5d713ba0","False","21","female","5","3","2021-02-27T01:02:28 -00:00"
"61532e0ab2a9cc7577086327","801c13b7-8c47-4aeb-b622-1496b1286aaf","True","31","female","5","1","2020-05-24T12:53:34 -01:00"
"61532e0a6125f2096ebabd47","79b6edca-55b2-4f2d-8c3b-421d4483f3b4","False","29","female","6","2","2020-02-19T02:50:09 -00:00"
"61532e0a6539c7613a560eb3","10a0bd47-0f59-4217-bbe3-b5e41c29a02c","False","26","female","5","2","2020-07-10T12:35:55 -01:00"
"61532e0a4549ce814370d035","598e391f-6195-4c7d-adba-19d07b53b6ec","True","37","female","6","3","2020-05-24T09:58:18 -01:00"
"61532e0a960707f4d8a11e52","9a79d973-83da-4079-ad07-967851542460","True","20","female","6","3","2021-02-09T07:49:09 -00:00"
"61532e0ad52a7fa6d66b063f","bd0b5eb8-4263-4050-9906-2d9a573177b1","False","25","female","6","3","2020-08-29T12:41:34 -01:00"
"61532e0a5227fdc639501730","3b5e5593-3961-4a75-8ddb-28e508f51617","False","37","female","5","1","2020-04-21T09:18:37 -01:00"
"61532e0abf90762104ff630f","97f71837-4f14-47a6-a40c-c018a2305465","False","25","female","5","3","2020-03-25T02:41:32 -00:00"
"61532e0ad33e03ceba1506d0","ff0f1ecf-2d3f-4c65-8a21-b000fa30eb05","True","34","female","5","1","2021-08-26T05:52:57 -01:00"
"61532e0aef00dc2d39571c10","8a6be819-5bb0-45db-997b-416560018fe8","True","27","female","6","2","2020-06-03T02:18:19 -01:00"
"61532e0a79ee388da4d3ac5c","cf02bbb5-a632-46ae-8870-82384556e7c8","False","37","female","6","1","2020-07-11T07:27:44 -01:00"
"61532e0abfa27be6a9f73787","5ce3a85a-d636-4a9f-b16a-240aff41e055","False","36","female","6","2","2020-03-09T12:46:20 -00:00"
"61532e0a44577ba48883d0c4","3b667f22-7fa5-482b-a65e-942d627cd772","True","27","female","5","1","2021-03-26T12:30:19 -00:00"
"61532e0aae83a2ae04bca841","6a55331d-a00d-435c-899c-9ae566510456","False","20","female","6","2","2021-01-07T01:16:00 -00:00"
"61532e0a5d9186ee11439706","641d6190-38a9-433f-b758-03f4d445251a","True","31","female","6","1","2020-10-04T01:18:53 -01:00"
"61532e0a850d02386b7a8097","761af7fd-e017-41cd-a1aa-c7fe6f2b2f83","True","20","female","5","2","2021-01-20T09:47:54 -00:00"
"61532e0a080ea9080229a15a","3d4d88fe-ddd3-4a72-b7db-fdabd9deae6a","False","26","female","6","3","2020-04-22T11:02:28 -01:00"
"61532e0a685021e3b20775a8","7ffa3aea-353d-4fdf-807b-a11423451cd3","True","26","female","5","1","2021-04-22T06:17:50 -01:00"
"61532e0abee07bb88670885f","9d4ed70c-bf6a-466a-8c93-9d55132e3a11","False","38","female","6","1","2020-12-07T10:17:02 -00:00"
"61532e0a471f7cf025c3fdc6","645f85b9-2a6a-4756-8d88-889680989b6f","True","25","female","5","3","2020-06-22T10:51:40 -01:00"
"61532e0ac1521817ef422924","38624e01-44ab-4695-935c-3256ead0fa82","False","31","female","5","3","2021-09-04T09:02:20 -01:00"
